,0
A  A,wireless-telecommunications
B  B,wholesale-distributors
CCO,advertising-marketing-services
C  C,wholesale-distributors
E  E,wholesale-distributors
GRPN,advertising-marketing-services
I  I,telecommunications-equipment
ICLK,advertising-marketing-services
IPG,advertising-marketing-services
L  L,wholesale-distributors
M  M,water-utilities
NCMI,advertising-marketing-services
NLSN,advertising-marketing-services
OMC,advertising-marketing-services
Q  Q,services-to-the-health-industry
S  S,wireless-telecommunications
T  T,wireless-telecommunications
TTD,advertising-marketing-services
WPP,advertising-marketing-services
AIR,aerospace-defense
AJRD,aerospace-defense
ASTC,aerospace-defense
AVAV,aerospace-defense
AXON,aerospace-defense
BA,aerospace-defense
CW,aerospace-defense
D  D,wholesale-distributors
ERJ,aerospace-defense
ESE,aerospace-defense
ESLT,aerospace-defense
GD,aerospace-defense
HEI,aerospace-defense
HEI.,aerospace-defense
HII,aerospace-defense
H  H,wholesale-distributors
HXL,aerospace-defense
KAMN,aerospace-defense
KTOS,aerospace-defense
K  K,wholesale-distributors
LHX,aerospace-defense
LMT,aerospace-defense
MAXR,aerospace-defense
MOG.,aerospace-defense
MSI,aerospace-defense
NOC,aerospace-defense
P  P,wireless-telecommunications
R  R,trucks-construction-farm-machinery
RTX,aerospace-defense
SPCE,aerospace-defense
SPR,aerospace-defense
TDG,aerospace-defense
TDY,aerospace-defense
TXT,aerospace-defense
UAVS,aerospace-defense
ACB,agricultural-commodities-milling
ADM,agricultural-commodities-milling
AGRO,agricultural-commodities-milling
BG,agricultural-commodities-milling
CGC,agricultural-commodities-milling
CRON,agricultural-commodities-milling
CSAN,agricultural-commodities-milling
DAR,agricultural-commodities-milling
ELAN,agricultural-commodities-milling
HEXO,agricultural-commodities-milling
IBA,agricultural-commodities-milling
INGR,agricultural-commodities-milling
LND,agricultural-commodities-milling
MGPI,agricultural-commodities-milling
O  O,wireless-telecommunications
SNDL,agricultural-commodities-milling
TLRY,agricultural-commodities-milling
VFF,agricultural-commodities-milling
V  V,wholesale-distributors
AAWW,air-freight-couriers
BEST,air-freight-couriers
CHRW,air-freight-couriers
CYRX,air-freight-couriers
EXPD,air-freight-couriers
FDX,air-freight-couriers
FWRD,air-freight-couriers
HUBG,air-freight-couriers
UPS,air-freight-couriers
ZTO,air-freight-couriers
AAL,airlines
ALGT,airlines
ALK,airlines
ATSG,airlines
AZUL,airlines
CEA,airlines
CPA,airlines
DAL,airlines
GOL,airlines
HA,airlines
JBLU,airlines
LUV,airlines
RYAA,airlines
SAVE,airlines
SKYW,airlines
UAL,airlines
U  U,trucking
ZNH,airlines
AY,alternative-power-generation
BIP,alternative-power-generation
CWEN,alternative-power-generation
J  J,wholesale-distributors
NEP,alternative-power-generation
ORA,alternative-power-generation
RUN,alternative-power-generation
AA,aluminum
ACH,aluminum
ARNC,aluminum
KALU,aluminum
VEDL,aluminum
CAL,apparel-footwear
COLM,apparel-footwear
CROX,apparel-footwear
DECK,apparel-footwear
F  F,wholesale-distributors
GES,apparel-footwear
GIII,apparel-footwear
GIL,apparel-footwear
GOOS,apparel-footwear
HBI,apparel-footwear
NAKD,apparel-footwear
NKE,apparel-footwear
OXM,apparel-footwear
PVH,apparel-footwear
SHOO,apparel-footwear
SKX,apparel-footwear
TBLT,apparel-footwear
UAA,apparel-footwear
VFC,apparel-footwear
VRA,apparel-footwear
WWW,apparel-footwear
X  X,semiconductors
AEO,apparel-footwear-retail
ANF,apparel-footwear-retail
BURL,apparel-footwear-retail
CPRI,apparel-footwear-retail
CRI,apparel-footwear-retail
DBI,apparel-footwear-retail
FL,apparel-footwear-retail
GPS,apparel-footwear-retail
JILL,apparel-footwear-retail
JWN,apparel-footwear-retail
LB,apparel-footwear-retail
LULU,apparel-footwear-retail
MOGU,apparel-footwear-retail
PLCE,apparel-footwear-retail
RL,apparel-footwear-retail
ROST,apparel-footwear-retail
SFIX,apparel-footwear-retail
TJX,apparel-footwear-retail
TPR,apparel-footwear-retail
URBN,apparel-footwear-retail
Z  Z,steel
ADNT,auto-parts-oem
ALV,auto-parts-oem
APTV,auto-parts-oem
AXL,auto-parts-oem
AYRO,auto-parts-oem
DAN,auto-parts-oem
GNTX,auto-parts-oem
GTX,auto-parts-oem
LAZR,auto-parts-oem
LEA,auto-parts-oem
LI,auto-parts-oem
MGA,auto-parts-oem
MTOR,auto-parts-oem
TEN,auto-parts-oem
THRM,auto-parts-oem
VC,auto-parts-oem
VNE,auto-parts-oem
WKHS,auto-parts-oem
DORM,automotive-aftermarket
GT,automotive-aftermarket
LKQ,automotive-aftermarket
ABEV,beverages-alcoholic
BF.A,beverages-alcoholic
BF.B,beverages-alcoholic
BUD,beverages-alcoholic
CCU,beverages-alcoholic
DEO,beverages-alcoholic
NBEV,beverages-alcoholic
SAM,beverages-alcoholic
STZ,beverages-alcoholic
STZ.,beverages-alcoholic
TAP,beverages-alcoholic
TAP.,beverages-alcoholic
W  W,wholesale-distributors
AKO.,beverages-non-alcoholic
CCEP,beverages-non-alcoholic
CELH,beverages-non-alcoholic
COKE,beverages-non-alcoholic
FIZZ,beverages-non-alcoholic
FMX,beverages-non-alcoholic
KDP,beverages-non-alcoholic
KO,beverages-non-alcoholic
KOF,beverages-non-alcoholic
MNST,beverages-non-alcoholic
PEP,beverages-non-alcoholic
PRMW,beverages-non-alcoholic
ABIO,biotechnology
ABUS,biotechnology
ACAD,biotechnology
ACHV,biotechnology
ADMA,biotechnology
AEZS,biotechnology
AGEN,biotechnology
AGIO,biotechnology
AIM,biotechnology
AKBA,biotechnology
ALEC,biotechnology
ALKS,biotechnology
ALLO,biotechnology
ALNY,biotechnology
ALT,biotechnology
ALXN,biotechnology
AMGN,biotechnology
ANAB,biotechnology
APTO,biotechnology
AQB,biotechnology
ARNA,biotechnology
ARWR,biotechnology
ATNM,biotechnology
ATRA,biotechnology
BCRX,biotechnology
BFRA,biotechnology
BGNE,biotechnology
BIIB,biotechnology
BLU,biotechnology
BLUE,biotechnology
BMRN,biotechnology
BNGO,biotechnology
BPMC,biotechnology
BTAI,biotechnology
CAPR,biotechnology
CBAY,biotechnology
CGEN,biotechnology
CLVS,biotechnology
CODX,biotechnology
CRBP,biotechnology
CRSP,biotechnology
DNLI,biotechnology
DVAX,biotechnology
EARS,biotechnology
EDIT,biotechnology
ENTA,biotechnology
FOX,broadcasting
FOXA,broadcasting
G  G,wireless-telecommunications
GTN.,broadcasting
NXST,broadcasting
SBGI,broadcasting
SIRI,broadcasting
SSP,broadcasting
TGNA,broadcasting
TV,broadcasting
UONE,broadcasting
VIAC,broadcasting
ALLE,building-products
AMWD,building-products
AOS,building-products
AWI,building-products
BLD,building-products
BLDR,building-products
DOOR,building-products
FBHS,building-products
LII,building-products
MAS,building-products
N  N,wholesale-distributors
SSD,building-products
WSO,building-products
AMCX,cable-satellite-tv
ATUS,cable-satellite-tv
CABO,cable-satellite-tv
CHTR,cable-satellite-tv
CMCS,cable-satellite-tv
DIS,cable-satellite-tv
DISC,cable-satellite-tv
DISH,cable-satellite-tv
LBRD,cable-satellite-tv
LBTY,cable-satellite-tv
LILA,cable-satellite-tv
NFLX,cable-satellite-tv
SJR,cable-satellite-tv
BYD,casinos-gaming
CHDN,casinos-gaming
CZR,casinos-gaming
EVRI,casinos-gaming
GRVY,casinos-gaming
IGT,casinos-gaming
LVS,casinos-gaming
MGM,casinos-gaming
MLCO,casinos-gaming
MSC,casinos-gaming
PENN,casinos-gaming
SGMS,casinos-gaming
WYNN,casinos-gaming
Y  Y,water-utilities
CF,chemicals-agricultural
FMC,chemicals-agricultural
ICL,chemicals-agricultural
LAC,chemicals-agricultural
MOS,chemicals-agricultural
NTR,chemicals-agricultural
SMG,chemicals-agricultural
SQM,chemicals-agricultural
YTEN,chemicals-agricultural
CE,chemicals-major-diversified
DD,chemicals-major-diversified
EMN,chemicals-major-diversified
ESI,chemicals-major-diversified
HUN,chemicals-major-diversified
NGVT,chemicals-major-diversified
VVV,chemicals-major-diversified
WLK,chemicals-major-diversified
ALB,chemicals-specialty
AMRS,chemicals-specialty
AMTX,chemicals-specialty
APD,chemicals-specialty
ASH,chemicals-specialty
BAK,chemicals-specialty
BCPC,chemicals-specialty
CMP,chemicals-specialty
DQ,chemicals-specialty
ECL,chemicals-specialty
GEVO,chemicals-specialty
GRA,chemicals-specialty
IOSP,chemicals-specialty
KRO,chemicals-specialty
KWR,chemicals-specialty
LIN,chemicals-specialty
LTHM,chemicals-specialty
LYB,chemicals-specialty
MEOH,chemicals-specialty
MTX,chemicals-specialty
NEU,chemicals-specialty
OEC,chemicals-specialty
PQG,chemicals-specialty
REGI,chemicals-specialty
ROG,chemicals-specialty
SCL,chemicals-specialty
SHI,chemicals-specialty
SSL,chemicals-specialty
TROX,chemicals-specialty
ARCH,coal
ARLP,coal
BTU,coal
HCC,coal
CMPR,commercial-printing-forms
DLX,commercial-printing-forms
DSS,commercial-printing-forms
MTA,commercial-printing-forms
AAOI,computer-communications
ANET,computer-communications
FFIV,computer-communications
FTNT,computer-communications
PANW,computer-communications
LOGI,computer-peripherals
NTAP,computer-peripherals
PSTG,computer-peripherals
SSYS,computer-peripherals
STX,computer-peripherals
WDC,computer-peripherals
XRX,computer-peripherals
ZBRA,computer-peripherals
DELL,computer-processing-hardware
HPE,computer-processing-hardware
HPQ,computer-processing-hardware
NCR,computer-processing-hardware
CRH,construction-materials
CX,construction-materials
EXP,construction-materials
JHX,construction-materials
LOMA,construction-materials
MLM,construction-materials
SUM,construction-materials
VMC,construction-materials
CENT,consumer-sundries
ARD,containers-packaging
ATR,containers-packaging
AVY,containers-packaging
BERY,containers-packaging
BLL,containers-packaging
CCK,containers-packaging
GEF,containers-packaging
GPK,containers-packaging
IP,containers-packaging
OC,containers-packaging
OI,containers-packaging
PKG,containers-packaging
SEE,containers-packaging
SLGN,containers-packaging
SON,containers-packaging
WRK,containers-packaging
HP,contract-drilling
NBR,contract-drilling
PTEN,contract-drilling
RIG,contract-drilling
ADP,data-processing-services
ADS,data-processing-services
BCOR,data-processing-services
CLGX,data-processing-services
CSGS,data-processing-services
DBX,data-processing-services
DXC,data-processing-services
EEFT,data-processing-services
EQIX,data-processing-services
EVTC,data-processing-services
EXLS,data-processing-services
FDS,data-processing-services
FIS,data-processing-services
FISV,data-processing-services
FLNT,data-processing-services
GDS,data-processing-services
GPN,data-processing-services
INFO,data-processing-services
INOV,data-processing-services
MARA,data-processing-services
MOXC,data-processing-services
MSCI,data-processing-services
PAYX,data-processing-services
PFPT,data-processing-services
PYPL,data-processing-services
QIWI,data-processing-services
RAMP,data-processing-services
TYL,data-processing-services
WEX,data-processing-services
YEXT,data-processing-services
ZEN,data-processing-services
DDS,department-stores
KSS,department-stores
OLLI,department-stores
BIG,discount-stores
DG,discount-stores
DLTR,discount-stores
FIVE,discount-stores
PSMT,discount-stores
CVS,drugstore-chains
PETS,drugstore-chains
RAD,drugstore-chains
WBA,drugstore-chains
AEE,electric-utilities
AEP,electric-utilities
AES,electric-utilities
AGR,electric-utilities
ALE,electric-utilities
AQN,electric-utilities
AVA,electric-utilities
BEP,electric-utilities
BKH,electric-utilities
BWXT,electric-utilities
CEPU,electric-utilities
CIG,electric-utilities
CIG.,electric-utilities
CMS,electric-utilities
CMSA,electric-utilities
CMSC,electric-utilities
CNP,electric-utilities
DCUE,electric-utilities
DRUA,electric-utilities
DTE,electric-utilities
DTJ,electric-utilities
DTP,electric-utilities
DTW,electric-utilities
DTY,electric-utilities
DUK,electric-utilities
DUKB,electric-utilities
DUKH,electric-utilities
EBR,electric-utilities
EBR.,electric-utilities
ED,electric-utilities
EDN,electric-utilities
EIX,electric-utilities
ELP,electric-utilities
ENIA,electric-utilities
ENIC,electric-utilities
ES,electric-utilities
ETR,electric-utilities
EVRG,electric-utilities
EXC,electric-utilities
FE,electric-utilities
FTS,electric-utilities
HE,electric-utilities
HNP,electric-utilities
IDA,electric-utilities
KEP,electric-utilities
LNT,electric-utilities
MGEE,electric-utilities
NEE,electric-utilities
NGG,electric-utilities
NRG,electric-utilities
NWE,electric-utilities
OGE,electric-utilities
OTTR,electric-utilities
PAM,electric-utilities
PCG,electric-utilities
PCGU,electric-utilities
PEG,electric-utilities
PNM,electric-utilities
PNW,electric-utilities
POR,electric-utilities
PPL,electric-utilities
SO,electric-utilities
SOJB,electric-utilities
SOJC,electric-utilities
SOLN,electric-utilities
TAC,electric-utilities
VST,electric-utilities
VVPR,electric-utilities
WEC,electric-utilities
XEL,electric-utilities
ABB,electrical-products
AME,electrical-products
AYI,electrical-products
BDC,electrical-products
BE,electrical-products
BLDP,electrical-products
CSIQ,electrical-products
DPW,electrical-products
EAF,electrical-products
EMR,electrical-products
ENS,electrical-products
ETN,electrical-products
GNRC,electrical-products
HUBB,electrical-products
ITGR,electrical-products
JKS,electrical-products
LFUS,electrical-products
LITE,electrical-products
OEG,electrical-products
PPSI,electrical-products
QS,electrical-products
ROK,electrical-products
SEDG,electrical-products
SPWR,electrical-products
SUNW,electrical-products
APH,electronic-components
BHE,electronic-components
CLS,electronic-components
CREE,electronic-components
FLEX,electronic-components
FSLR,electronic-components
GLW,electronic-components
JBL,electronic-components
KN,electronic-components
NSYS,electronic-components
NVT,electronic-components
OLED,electronic-components
PLUG,electronic-components
PLXS,electronic-components
SANM,electronic-components
TEL,electronic-components
TTMI,electronic-components
VICR,electronic-components
VSH,electronic-components
CAJ,electronic-equipment-instruments
CGNX,electronic-equipment-instruments
EMAN,electronic-equipment-instruments
FCEL,electronic-equipment-instruments
FTV,electronic-equipment-instruments
HOLI,electronic-equipment-instruments
IIVI,electronic-equipment-instruments
ITRI,electronic-equipment-instruments
KEYS,electronic-equipment-instruments
KODK,electronic-equipment-instruments
MKSI,electronic-equipment-instruments
MRCY,electronic-equipment-instruments
NOVT,electronic-equipment-instruments
POLA,electronic-equipment-instruments
ROP,electronic-equipment-instruments
ST,electronic-equipment-instruments
TRMB,electronic-equipment-instruments
VUZI,electronic-equipment-instruments
AEIS,electronic-production-equipment
BRKS,electronic-production-equipment
KLAC,electronic-production-equipment
LPL,electronic-production-equipment
LRCX,electronic-production-equipment
MICT,electronic-production-equipment
MVIS,electronic-production-equipment
SONO,electronic-production-equipment
TER,electronic-production-equipment
ARW,electronics-distributors
AVT,electronics-distributors
SNX,electronics-distributors
BBY,electronics-appliance-stores
GME,electronics-appliance-stores
ARLO,electronics-appliances
GPRO,electronics-appliances
HEAR,electronics-appliances
HELE,electronics-appliances
IRBT,electronics-appliances
ROKU,electronics-appliances
SONY,electronics-appliances
SPB,electronics-appliances
WHR,electronics-appliances
ACM,engineering-construction
AMRC,engineering-construction
DY,engineering-construction
EME,engineering-construction
EXPO,engineering-construction
FIX,engineering-construction
FLR,engineering-construction
GVA,engineering-construction
MTZ,engineering-construction
NFE,engineering-construction
PWR,engineering-construction
STN,engineering-construction
AQUA,environmental-services
CLH,environmental-services
CVA,environmental-services
CWST,environmental-services
ECOL,environmental-services
RSG,environmental-services
SRCL,environmental-services
TTEK,environmental-services
VTNR,environmental-services
WCN,environmental-services
WM,environmental-services
AER,finance-rental-leasing
AL,finance-rental-leasing
AXP,finance-rental-leasing
CACC,finance-rental-leasing
CAR,finance-rental-leasing
COOP,finance-rental-leasing
DFS,finance-rental-leasing
FCFS,finance-rental-leasing
GATX,finance-rental-leasing
GDOT,finance-rental-leasing
IX,finance-rental-leasing
LC,finance-rental-leasing
LX,finance-rental-leasing
MA,finance-rental-leasing
MGRC,finance-rental-leasing
NAVI,finance-rental-leasing
NNI,finance-rental-leasing
NYCB,savings-banks
OMF,finance-rental-leasing
PFSI,finance-rental-leasing
QFIN,finance-rental-leasing
SC,finance-rental-leasing
SLM,finance-rental-leasing
SYF,finance-rental-leasing
TREE,finance-rental-leasing
TRTN,finance-rental-leasing
UHAL,finance-rental-leasing
URI,finance-rental-leasing
WD,finance-rental-leasing
WU,finance-rental-leasing
BOWX,financial-conglomerates
MCO,financial-publishing-services
SPGI,financial-publishing-services
TRI,financial-publishing-services
CHEF,food-distributors
PFGC,food-distributors
SYY,food-distributors
UNFI,food-distributors
USFD,food-distributors
CBD,food-retail
KR,food-retail
SFM,food-retail
WMK,food-retail
WMT,food-retail
BGS,food-major-diversified
BYND,food-major-diversified
CAG,food-major-diversified
CPB,food-major-diversified
GIS,food-major-diversified
KHC,food-major-diversified
MDLZ,food-major-diversified
SMPL,food-major-diversified
THS,food-major-diversified
BRFS,food-meat-fish-dairy
HRL,food-meat-fish-dairy
LWAY,food-meat-fish-dairy
PLIN,food-meat-fish-dairy
PPC,food-meat-fish-dairy
SAFM,food-meat-fish-dairy
SEB,food-meat-fish-dairy
TSN,food-meat-fish-dairy
CALM,food-specialty-candy
CVGW,food-specialty-candy
FDP,food-specialty-candy
FLO,food-specialty-candy
FRPT,food-specialty-candy
HAIN,food-specialty-candy
HSY,food-specialty-candy
JJSF,food-specialty-candy
LANC,food-specialty-candy
LW,food-specialty-candy
MKC,food-specialty-candy
MKC.,food-specialty-candy
NOMD,food-specialty-candy
POST,food-specialty-candy
SJM,food-specialty-candy
TR,food-specialty-candy
JELD,forest-products
LPX,forest-products
TREX,forest-products
UFPI,forest-products
ATO,gas-distributors
CLNE,gas-distributors
CPK,gas-distributors
MDU,gas-distributors
NI,gas-distributors
NJR,gas-distributors
NWN,gas-distributors
OGS,gas-distributors
SJI,gas-distributors
SPH,gas-distributors
SR,gas-distributors
SRE,gas-distributors
SWX,gas-distributors
UGI,gas-distributors
ETH,home-furnishings
LEG,home-furnishings
LZB,home-furnishings
MHK,home-furnishings
SNBR,home-furnishings
TPX,home-furnishings
FND,home-improvement-chains
HD,home-improvement-chains
LOW,home-improvement-chains
CVCO,homebuilding
DHI,homebuilding
FTDR,homebuilding
KBH,homebuilding
LEN,homebuilding
LEN.,homebuilding
LGIH,homebuilding
MDC,homebuilding
MTH,homebuilding
NVR,homebuilding
PHM,homebuilding
TMHC,homebuilding
TOL,homebuilding
TPH,homebuilding
BKD,hospital-nursing-management
EHC,hospital-nursing-management
HCA,hospital-nursing-management
NHC,hospital-nursing-management
PINC,hospital-nursing-management
SEM,hospital-nursing-management
TDOC,hospital-nursing-management
THC,hospital-nursing-management
UHS,hospital-nursing-management
CCL,hotels-resorts-cruise-lines
CHH,hotels-resorts-cruise-lines
CUK,hotels-resorts-cruise-lines
HLT,hotels-resorts-cruise-lines
HTHT,hotels-resorts-cruise-lines
IHG,hotels-resorts-cruise-lines
MAR,hotels-resorts-cruise-lines
MTN,hotels-resorts-cruise-lines
NCLH,hotels-resorts-cruise-lines
RCL,hotels-resorts-cruise-lines
RRR,hotels-resorts-cruise-lines
WH,hotels-resorts-cruise-lines
CHD,household-personal-care
CL,household-personal-care
CLX,household-personal-care
COTY,household-personal-care
EL,household-personal-care
ENR,household-personal-care
EPC,household-personal-care
IFF,household-personal-care
IFFT,household-personal-care
IPAR,household-personal-care
KMB,household-personal-care
NUS,household-personal-care
PG,household-personal-care
REV,household-personal-care
UL,household-personal-care
USNA,household-personal-care
HI,industrial-conglomerates
HON,industrial-conglomerates
IEP,industrial-conglomerates
MMM,industrial-conglomerates
NWL,industrial-conglomerates
SPXC,industrial-conglomerates
WRAP,industrial-conglomerates
AAON,industrial-machinery
ACMR,industrial-machinery
AIMC,industrial-machinery
AMAT,industrial-machinery
ASML,industrial-machinery
BMI,industrial-machinery
CFX,industrial-machinery
DDD,industrial-machinery
DOV,industrial-machinery
FELE,industrial-machinery
FLOW,industrial-machinery
FLS,industrial-machinery
GE,industrial-machinery
GGG,industrial-machinery
GTEC,industrial-machinery
GTES,industrial-machinery
GTLS,industrial-machinery
IEX,industrial-machinery
IR,industrial-machinery
ITT,industrial-machinery
ITW,industrial-machinery
JBT,industrial-machinery
KMT,industrial-machinery
LECO,industrial-machinery
MIDD,industrial-machinery
MWA,industrial-machinery
NDSN,industrial-machinery
NNDM,industrial-machinery
NPO,industrial-machinery
PH,industrial-machinery
PRLB,industrial-machinery
RBC,industrial-machinery
RXN,industrial-machinery
WBT,industrial-machinery
WTS,industrial-machinery
WWD,industrial-machinery
XONE,industrial-machinery
XYL,industrial-machinery
AXTA,industrial-specialties
CBT,industrial-specialties
CC,industrial-specialties
DCI,industrial-specialties
FOE,industrial-specialties
FUL,industrial-specialties
GCP,industrial-specialties
LAKE,industrial-specialties
OLN,industrial-specialties
PPG,industrial-specialties
RPM,industrial-specialties
SHW,industrial-specialties
TSE,industrial-specialties
WDFC,industrial-specialties
ACN,information-technology-services
ALRM,information-technology-services
ANY,information-technology-services
APPF,information-technology-services
BKYI,information-technology-services
BOX,information-technology-services
BRQS,information-technology-services
CACI,information-technology-services
CDW,information-technology-services
CERN,information-technology-services
CSCO,information-technology-services
CTSH,information-technology-services
DAVA,information-technology-services
DOX,information-technology-services
DSGX,information-technology-services
EPAM,information-technology-services
FEYE,information-technology-services
FIVN,information-technology-services
FSLY,information-technology-services
GIB,information-technology-services
GLOB,information-technology-services
GWRE,information-technology-services
HUBS,information-technology-services
IBM,information-technology-services
IDEX,information-technology-services
INFY,information-technology-services
INPX,information-technology-services
INUV,information-technology-services
JKHY,information-technology-services
JNPR,information-technology-services
KBR,information-technology-services
LDOS,information-technology-services
LINX,information-technology-services
MDRX,information-technology-services
MOMO,information-technology-services
NET,information-technology-services
NEWR,information-technology-services
NICE,information-technology-services
NOW,information-technology-services
NSIT,information-technology-services
NTCT,information-technology-services
OMCL,information-technology-services
PEGA,information-technology-services
PRO,information-technology-services
QTWO,information-technology-services
RMBL,information-technology-services
RPD,information-technology-services
SAIC,information-technology-services
SPLK,information-technology-services
SQ,information-technology-services
SQSP,information-technology-services
SSNC,information-technology-services
SWCH,information-technology-services
SYKE,information-technology-services
TAOP,information-technology-services
TRU,information-technology-services
VIAV,information-technology-services
VMW,information-technology-services
VRNS,information-technology-services
VRNT,information-technology-services
WDAY,information-technology-services
WIT,information-technology-services
WIX,information-technology-services
WK,information-technology-services
XELA,information-technology-services
AJG,insurance-brokers-services
AON,insurance-brokers-services
BRO,insurance-brokers-services
EBIX,insurance-brokers-services
ESGR,insurance-brokers-services
MMC,insurance-brokers-services
VRSK,insurance-brokers-services
WLTW,insurance-brokers-services
AXAS,integrated-oil
BP,integrated-oil
CNX,integrated-oil
COG,integrated-oil
CVX,integrated-oil
EC,integrated-oil
EQNR,integrated-oil
IMO,integrated-oil
NFG,integrated-oil
PBR,integrated-oil
PBR.,integrated-oil
PTR,integrated-oil
RDS.,integrated-oil
SNP,integrated-oil
SU,integrated-oil
TELL,integrated-oil
TTE,integrated-oil
VNOM,integrated-oil
XOM,integrated-oil
YPF,integrated-oil
AMZN,internet-retail
APRN,internet-retail
BABA,internet-retail
BZUN,internet-retail
DLTH,internet-retail
FLWS,internet-retail
JD,internet-retail
LIVE,internet-retail
OSTK,internet-retail
OZON,internet-retail
PDD,internet-retail
PRTS,internet-retail
QRTE,internet-retail
SHOP,internet-retail
VIPS,internet-retail
WISH,internet-retail
WTRH,internet-retail
AEYE,internet-software-services
AKAM,internet-software-services
ANGI,internet-software-services
APPS,internet-software-services
ARCE,internet-software-services
ATHM,internet-software-services
BIDU,internet-software-services
BILI,internet-software-services
CARG,internet-software-services
CARS,internet-software-services
CDLX,internet-software-services
CHKP,internet-software-services
COUR,internet-software-services
CRTO,internet-software-services
CSGP,internet-software-services
DADA,internet-software-services
DASH,internet-software-services
DKNG,internet-software-services
EVER,internet-software-services
FB,internet-software-services
FTCH,internet-software-services
GDDY,internet-software-services
GOOG,internet-software-services
IAC,internet-software-services
IQ,internet-software-services
JCOM,internet-software-services
JMIA,internet-software-services
JOBS,internet-software-services
LLNW,internet-software-services
LPSN,internet-software-services
MELI,internet-software-services
MSTR,internet-software-services
MTCH,internet-software-services
NTES,internet-software-services
PINS,internet-software-services
QD,internet-software-services
QTT,internet-software-services
RENN,internet-software-services
SE,internet-software-services
SNAP,internet-software-services
SOGO,internet-software-services
SOHU,internet-software-services
SPOT,internet-software-services
SSTK,internet-software-services
TME,internet-software-services
TRVG,internet-software-services
TWTR,internet-software-services
UXIN,internet-software-services
VRSN,internet-software-services
WB,internet-software-services
YELP,internet-software-services
YNDX,internet-software-services
YY,internet-software-services
ZNGA,internet-software-services
AMP,investment-banks-brokers
BGCP,investment-banks-brokers
CBOE,investment-banks-brokers
CME,investment-banks-brokers
EVR,investment-banks-brokers
GS,investment-banks-brokers
HLI,investment-banks-brokers
IBKR,investment-banks-brokers
ICE,investment-banks-brokers
JEF,investment-banks-brokers
LAZ,investment-banks-brokers
LPLA,investment-banks-brokers
MC,investment-banks-brokers
MKTX,investment-banks-brokers
MS,investment-banks-brokers
NDAQ,investment-banks-brokers
NMR,investment-banks-brokers
NOAH,investment-banks-brokers
PJT,investment-banks-brokers
RJF,investment-banks-brokers
SCHW,investment-banks-brokers
SF,investment-banks-brokers
VIRT,investment-banks-brokers
AB,investment-managers
AMG,investment-managers
APAM,investment-managers
APO,investment-managers
ARCC,investment-managers
ARES,investment-managers
BAM,investment-managers
BEN,investment-managers
BKCC,investment-managers
BLK,investment-managers
BSIG,investment-managers
BX,investment-managers
CG,investment-managers
CNS,investment-managers
FHI,investment-managers
FOCS,investment-managers
FTAI,investment-managers
GSBD,investment-managers
HLNE,investment-managers
HQY,investment-managers
HTGC,investment-managers
IVZ,investment-managers
JHG,investment-managers
KKR,investment-managers
MAIN,investment-managers
MIC,investment-managers
MORN,investment-managers
PFG,investment-managers
PSEC,investment-managers
SEIC,investment-managers
TROW,investment-managers
ACWI,investment-trusts-mutual-funds
ACWX,investment-trusts-mutual-funds
AFB,investment-trusts-mutual-funds
AFK,investment-trusts-mutual-funds
AGQ,investment-trusts-mutual-funds
AIA,investment-trusts-mutual-funds
AMJ,investment-trusts-mutual-funds
ANEW,investment-trusts-mutual-funds
ANGL,investment-trusts-mutual-funds
ATMP,investment-trusts-mutual-funds
AWF,investment-trusts-mutual-funds
BAL,investment-trusts-mutual-funds
BBH,investment-trusts-mutual-funds
BBN,investment-trusts-mutual-funds
BCM,investment-trusts-mutual-funds
BCX,investment-trusts-mutual-funds
BDJ,investment-trusts-mutual-funds
AEL,life-health-insurance
AFL,life-health-insurance
BHF,life-health-insurance
BHFA,life-health-insurance
CIA,life-health-insurance
EHTH,life-health-insurance
EIG,life-health-insurance
GNW,life-health-insurance
LFC,life-health-insurance
LNC,life-health-insurance
MET,life-health-insurance
MFC,life-health-insurance
PRI,life-health-insurance
RGA,life-health-insurance
UNM,life-health-insurance
UNMA,life-health-insurance
VOYA,life-health-insurance
AVAL,major-banks
BAC,major-banks
BBD,major-banks
BBDO,major-banks
BBVA,major-banks
BCS,major-banks
BK,major-banks
BMO,major-banks
BNS,major-banks
CADE,major-banks
CIT,major-banks
CM,major-banks
CMA,major-banks
COF,major-banks
CS,major-banks
DB,major-banks
ESQ,major-banks
HOPE,major-banks
HSBC,major-banks
ITUB,major-banks
JPM,major-banks
KEY,major-banks
LYG,major-banks
MFG,major-banks
MUFG,major-banks
PBCT,major-banks
PNC,major-banks
PRK,major-banks
RF,major-banks
RY,major-banks
SAN,major-banks
SFNC,major-banks
SMFG,major-banks
SUPV,major-banks
TD,major-banks
UBS,major-banks
USB,major-banks
WBK,major-banks
WF,major-banks
WFC,major-banks
BCE,major-telecommunications
CHT,major-telecommunications
KT,major-telecommunications
OIBR,major-telecommunications
ORAN,major-telecommunications
SHEN,major-telecommunications
T  A,major-telecommunications
TEO,major-telecommunications
TLK,major-telecommunications
TU,major-telecommunications
VZ,major-telecommunications
ANTM,managed-health-care
CI,managed-health-care
CNC,managed-health-care
HUM,managed-health-care
MGLN,managed-health-care
MOH,managed-health-care
UNH,managed-health-care
CTRM,marine-shipping
DHT,marine-shipping
EURN,marine-shipping
FRO,marine-shipping
GLBS,marine-shipping
GLNG,marine-shipping
GLOG,marine-shipping
KEX,marine-shipping
NAT,marine-shipping
SFL,marine-shipping
STNG,marine-shipping
TGP,marine-shipping
TK,marine-shipping
TNK,marine-shipping
TOPS,marine-shipping
ABC,medical-distributors
CAH,medical-distributors
HLF,medical-distributors
HSIC,medical-distributors
MCK,medical-distributors
MYO,medical-distributors
OMI,medical-distributors
PDCO,medical-distributors
ABMD,medical-specialties
ABT,medical-specialties
ALGN,medical-specialties
APT,medical-specialties
ATRC,medical-specialties
ATRI,medical-specialties
AVGR,medical-specialties
AVNS,medical-specialties
BAX,medical-specialties
BDX,medical-specialties
BIO,medical-specialties
BIO.,medical-specialties
BIOL,medical-specialties
BRKR,medical-specialties
BSX,medical-specialties
CEMI,medical-specialties
CHEK,medical-specialties
CLDX,medical-specialties
CMD,medical-specialties
CNMD,medical-specialties
COO,medical-specialties
DHR,medical-specialties
DXCM,medical-specialties
EW,medical-specialties
FLDM,medical-specialties
GKOS,medical-specialties
GMED,medical-specialties
HAE,medical-specialties
HJLI,medical-specialties
HOLX,medical-specialties
HRC,medical-specialties
IART,medical-specialties
ICUI,medical-specialties
IDXX,medical-specialties
INGN,medical-specialties
INO,medical-specialties
INSP,medical-specialties
IRTC,medical-specialties
ISRG,medical-specialties
LIVN,medical-specialties
MASI,medical-specialties
MDGS,medical-specialties
MDT,medical-specialties
MMSI,medical-specialties
MTD,medical-specialties
NEOG,medical-specialties
NNOX,medical-specialties
NUVA,medical-specialties
NVCR,medical-specialties
NVRO,medical-specialties
OFIX,medical-specialties
OSUR,medical-specialties
PEN,medical-specialties
PHG,medical-specialties
PKI,medical-specialties
PODD,medical-specialties
ACHC,medical-nursing-services
AMED,medical-nursing-services
BIOC,medical-nursing-services
CHE,medical-nursing-services
DVA,medical-nursing-services
ENSG,medical-nursing-services
FLGT,medical-nursing-services
FMS,medical-nursing-services
GH,medical-nursing-services
LHCG,medical-nursing-services
MD,medical-nursing-services
NEO,medical-nursing-services
NTRA,medical-nursing-services
NVTA,medical-nursing-services
SDC,medical-nursing-services
USPH,medical-nursing-services
HSC,metal-fabrication
MATW,metal-fabrication
MLI,metal-fabrication
ROCK,metal-fabrication
ROLL,metal-fabrication
SIM,metal-fabrication
TKR,metal-fabrication
VMI,metal-fabrication
PRPL,miscellaneous
SHIP,miscellaneous
ZOM,miscellaneous
ABM,miscellaneous-commercial-services
ADT,miscellaneous-commercial-services
ATOM,miscellaneous-commercial-services
BAH,miscellaneous-commercial-services
BAND,miscellaneous-commercial-services
BBU,miscellaneous-commercial-services
BCO,miscellaneous-commercial-services
BEDU,miscellaneous-commercial-services
BFAM,miscellaneous-commercial-services
BOXL,miscellaneous-commercial-services
BR,miscellaneous-commercial-services
BV,miscellaneous-commercial-services
CAE,miscellaneous-commercial-services
CATM,miscellaneous-commercial-services
CDAY,miscellaneous-commercial-services
CDK,miscellaneous-commercial-services
CHGG,miscellaneous-commercial-services
CIDM,miscellaneous-commercial-services
CNDT,miscellaneous-commercial-services
CPRT,miscellaneous-commercial-services
CRL,miscellaneous-commercial-services
CSTM,miscellaneous-commercial-services
EFX,miscellaneous-commercial-services
ETSY,miscellaneous-commercial-services
EVOP,miscellaneous-commercial-services
FCN,miscellaneous-commercial-services
FLT,miscellaneous-commercial-services
HCSG,miscellaneous-commercial-services
ICFI,miscellaneous-commercial-services
IT,miscellaneous-commercial-services
KAR,miscellaneous-commercial-services
LAUR,miscellaneous-commercial-services
LOPE,miscellaneous-commercial-services
MEDP,miscellaneous-commercial-services
MEDS,miscellaneous-commercial-services
MGI,miscellaneous-commercial-services
MMS,miscellaneous-commercial-services
NXTD,miscellaneous-commercial-services
ONE,miscellaneous-commercial-services
OPGN,miscellaneous-commercial-services
PAGS,miscellaneous-commercial-services
PRAA,miscellaneous-commercial-services
PRAH,miscellaneous-commercial-services
RBA,miscellaneous-commercial-services
RELX,miscellaneous-commercial-services
REZI,miscellaneous-commercial-services
SCOR,miscellaneous-commercial-services
STMP,miscellaneous-commercial-services
SYNH,miscellaneous-commercial-services
TAL,miscellaneous-commercial-services
TNET,miscellaneous-commercial-services
TTEC,miscellaneous-commercial-services
BRC,miscellaneous-manufacturing
CR,miscellaneous-manufacturing
CSL,miscellaneous-manufacturing
LCII,miscellaneous-manufacturing
PNR,miscellaneous-manufacturing
RAVN,miscellaneous-manufacturing
TRS,miscellaneous-manufacturing
TUP,miscellaneous-manufacturing
WMS,miscellaneous-manufacturing
YETI,miscellaneous-manufacturing
FUV,motor-vehicles
GM,motor-vehicles
GP,motor-vehicles
HMC,motor-vehicles
HOG,motor-vehicles
KNDI,motor-vehicles
NIO,motor-vehicles
NIU,motor-vehicles
NKLA,motor-vehicles
RACE,motor-vehicles
SOLO,motor-vehicles
TM,motor-vehicles
TSLA,motor-vehicles
TTM,motor-vehicles
XPEV,motor-vehicles
AMC,movies-entertainment
BATR,movies-entertainment
CNK,movies-entertainment
DLB,movies-entertainment
ESGC,movies-entertainment
FUBO,movies-entertainment
FUN,movies-entertainment
FWON,movies-entertainment
GNUS,movies-entertainment
IMAX,movies-entertainment
LGF.,movies-entertainment
LSXM,movies-entertainment
LYV,movies-entertainment
MANU,movies-entertainment
MSGN,movies-entertainment
MSGS,movies-entertainment
PLAY,movies-entertainment
SEAS,movies-entertainment
SIX,movies-entertainment
WWE,movies-entertainment
ACGL,multi-line-insurance
AEB,multi-line-insurance
AEG,multi-line-insurance
AIG,multi-line-insurance
AIZ,multi-line-insurance
ANAT,multi-line-insurance
ARGD,multi-line-insurance
ARGO,multi-line-insurance
AXS,multi-line-insurance
BRK.,multi-line-insurance
CNA,multi-line-insurance
CNO,multi-line-insurance
FANH,multi-line-insurance
HIG,multi-line-insurance
HMN,multi-line-insurance
KMPR,multi-line-insurance
KNSL,multi-line-insurance
PUK,multi-line-insurance
SLF,multi-line-insurance
TRV,multi-line-insurance
WTM,multi-line-insurance
HNI,office-equipment-supplies
JCI,office-equipment-supplies
MLHR,office-equipment-supplies
PBI,office-equipment-supplies
SCS,office-equipment-supplies
ALTM,oil-gas-pipelines
AM,oil-gas-pipelines
BPMP,oil-gas-pipelines
CEQP,oil-gas-pipelines
CQP,oil-gas-pipelines
DCP,oil-gas-pipelines
ENB,oil-gas-pipelines
ENBA,oil-gas-pipelines
ENBL,oil-gas-pipelines
ENLC,oil-gas-pipelines
EPD,oil-gas-pipelines
ET,oil-gas-pipelines
ETRN,oil-gas-pipelines
GEL,oil-gas-pipelines
HEP,oil-gas-pipelines
KMI,oil-gas-pipelines
LNG,oil-gas-pipelines
MMP,oil-gas-pipelines
MPLX,oil-gas-pipelines
NGL,oil-gas-pipelines
OKE,oil-gas-pipelines
PAA,oil-gas-pipelines
PAGP,oil-gas-pipelines
PBA,oil-gas-pipelines
PSXP,oil-gas-pipelines
SHLX,oil-gas-pipelines
TRP,oil-gas-pipelines
WMB,oil-gas-pipelines
AR,oil-gas-production
BSM,oil-gas-production
CDEV,oil-gas-production
CLR,oil-gas-production
CNQ,oil-gas-production
COP,oil-gas-production
CPE,oil-gas-production
CPG,oil-gas-production
CVE,oil-gas-production
DVN,oil-gas-production
ENSV,oil-gas-production
EOG,oil-gas-production
EQT,oil-gas-production
ERF,oil-gas-production
FANG,oil-gas-production
HES,oil-gas-production
KOS,oil-gas-production
MGY,oil-gas-production
MRO,oil-gas-production
MTDR,oil-gas-production
MUR,oil-gas-production
NEXT,oil-gas-production
OAS,oil-gas-production
OXY,oil-gas-production
PDCE,oil-gas-production
PXD,oil-gas-production
RRC,oil-gas-production
SM,oil-gas-production
SWN,oil-gas-production
VET,oil-gas-production
WLL,oil-gas-production
WTI,oil-gas-production
XEC,oil-gas-production
CVI,oil-refining-marketing
DK,oil-refining-marketing
HFC,oil-refining-marketing
MPC,oil-refining-marketing
PBF,oil-refining-marketing
PSX,oil-refining-marketing
TGS,oil-refining-marketing
TRGP,oil-refining-marketing
UGP,oil-refining-marketing
VLO,oil-refining-marketing
WES,oil-refining-marketing
AROC,oilfield-services-equipment
BKR,oilfield-services-equipment
CLB,oilfield-services-equipment
DRQ,oilfield-services-equipment
FI,oilfield-services-equipment
FTI,oilfield-services-equipment
HAL,oilfield-services-equipment
LBRT,oilfield-services-equipment
NOV,oilfield-services-equipment
OII,oilfield-services-equipment
PED,oilfield-services-equipment
PUMP,oilfield-services-equipment
RES,oilfield-services-equipment
SLB,oilfield-services-equipment
TTI,oilfield-services-equipment
USAC,oilfield-services-equipment
WHD,oilfield-services-equipment
ABNB,other-consumer-services
ATGE,other-consumer-services
BKNG,other-consumer-services
BLNK,other-consumer-services
CTAS,other-consumer-services
DESP,other-consumer-services
EBAY,other-consumer-services
EDU,other-consumer-services
EXPE,other-consumer-services
GHC,other-consumer-services
HMHC,other-consumer-services
HRB,other-consumer-services
LRN,other-consumer-services
MED,other-consumer-services
MMYT,other-consumer-services
PLNT,other-consumer-services
PTON,other-consumer-services
ROL,other-consumer-services
SCI,other-consumer-services
STRA,other-consumer-services
TRIP,other-consumer-services
UNF,other-consumer-services
VAC,other-consumer-services
WW,other-consumer-services
XSPA,other-consumer-services
FOSL,other-consumer-specialties
MSA,other-consumer-specialties
AXU,other-metals-minerals
BBL,other-metals-minerals
BHP,other-metals-minerals
CCJ,other-metals-minerals
DNN,other-metals-minerals
FCX,other-metals-minerals
HBM,other-metals-minerals
LODE,other-metals-minerals
NAK,other-metals-minerals
NEXA,other-metals-minerals
NXE,other-metals-minerals
PLM,other-metals-minerals
RETO,other-metals-minerals
RIO,other-metals-minerals
SCCO,other-metals-minerals
TECK,other-metals-minerals
TRQ,other-metals-minerals
UEC,other-metals-minerals
USAS,other-metals-minerals
UUUU,other-metals-minerals
ASR,other-transportation
MATX,other-transportation
OMAB,other-transportation
PAC,other-transportation
VRRM,other-transportation
ACIW,packaged-software
ADBE,packaged-software
ADSK,packaged-software
ALTR,packaged-software
ANSS,packaged-software
APPN,packaged-software
AVLR,packaged-software
AYX,packaged-software
AZPN,packaged-software
BB,packaged-software
BKI,packaged-software
BL,packaged-software
BLI,packaged-software
BLKB,packaged-software
BMBL,packaged-software
BNFT,packaged-software
CANG,packaged-software
CDNS,packaged-software
CLDR,packaged-software
COIN,packaged-software
COUP,packaged-software
CRM,packaged-software
CSOD,packaged-software
CTXS,packaged-software
CVET,packaged-software
CVLT,packaged-software
CYBR,packaged-software
DOCU,packaged-software
DOMO,packaged-software
EB,packaged-software
ECOM,packaged-software
EGHT,packaged-software
ENV,packaged-software
EPAY,packaged-software
ESTC,packaged-software
EVBG,packaged-software
FICO,packaged-software
GSKY,packaged-software
HUYA,packaged-software
INTU,packaged-software
IZEA,packaged-software
JAMF,packaged-software
LIZI,packaged-software
LKCO,packaged-software
LYFT,packaged-software
MANH,packaged-software
MANT,packaged-software
MDB,packaged-software
MFGP,packaged-software
MIME,packaged-software
MSFT,packaged-software
MTLS,packaged-software
NATI,packaged-software
NLOK,packaged-software
NTNX,packaged-software
NUAN,packaged-software
OKTA,packaged-software
ORCL,packaged-software
OTEX,packaged-software
PAYC,packaged-software
PCTY,packaged-software
PHUN,packaged-software
AMN,personnel-services
ASGN,personnel-services
KFY,personnel-services
MAN,personnel-services
NSP,personnel-services
PIXY,personnel-services
RHI,personnel-services
COCP,pharmaceuticals-generic
JAGX,pharmaceuticals-generic
RDY,pharmaceuticals-generic
TARO,pharmaceuticals-generic
TEVA,pharmaceuticals-generic
TXMD,pharmaceuticals-generic
ZTS,pharmaceuticals-generic
ABBV,pharmaceuticals-major
ADMP,pharmaceuticals-major
ALLK,pharmaceuticals-major
AMRX,pharmaceuticals-major
AQST,pharmaceuticals-major
ARCT,pharmaceuticals-major
ASND,pharmaceuticals-major
ATNX,pharmaceuticals-major
AYTU,pharmaceuticals-major
AZN,pharmaceuticals-major
BBI,pharmaceuticals-major
BHVN,pharmaceuticals-major
BMY,pharmaceuticals-major
CKPT,pharmaceuticals-major
EBS,pharmaceuticals-major
ELDN,pharmaceuticals-major
ETON,pharmaceuticals-major
GNPX,pharmaceuticals-major
GOSS,pharmaceuticals-major
GRFS,pharmaceuticals-major
GSK,pharmaceuticals-major
HCM,pharmaceuticals-major
JNJ,pharmaceuticals-major
LLY,pharmaceuticals-major
MBIO,pharmaceuticals-major
MRK,pharmaceuticals-major
NKTR,pharmaceuticals-major
NOVN,pharmaceuticals-major
NVO,pharmaceuticals-major
NVS,pharmaceuticals-major
ACRX,pharmaceuticals-other
ACST,pharmaceuticals-other
AERI,pharmaceuticals-other
AGRX,pharmaceuticals-other
ALBO,pharmaceuticals-other
AMPE,pharmaceuticals-other
AMRN,pharmaceuticals-other
ARGX,pharmaceuticals-other
AXSM,pharmaceuticals-other
BHC,pharmaceuticals-other
CORT,pharmaceuticals-other
CPRX,pharmaceuticals-other
CTLT,pharmaceuticals-other
ENDP,pharmaceuticals-other
EYEG,pharmaceuticals-other
HZNP,pharmaceuticals-other
ICLR,pharmaceuticals-other
ICPT,pharmaceuticals-other
INVA,pharmaceuticals-other
IRWD,pharmaceuticals-other
JAZZ,pharmaceuticals-other
LPCN,pharmaceuticals-other
MDGL,pharmaceuticals-other
MRNS,pharmaceuticals-other
NTEC,pharmaceuticals-other
PBH,pharmaceuticals-other
PCRX,pharmaceuticals-other
PRGO,pharmaceuticals-other
RVNC,pharmaceuticals-other
SAGE,pharmaceuticals-other
SUPN,pharmaceuticals-other
TBPH,pharmaceuticals-other
TNXP,pharmaceuticals-other
UTHR,pharmaceuticals-other
ZGNX,pharmaceuticals-other
ZYNE,pharmaceuticals-other
AEM,precious-metals
AG,precious-metals
AGI,precious-metals
ASM,precious-metals
AU,precious-metals
AUY,precious-metals
BTG,precious-metals
BVN,precious-metals
EGO,precious-metals
EXK,precious-metals
FNV,precious-metals
FSM,precious-metals
GFI,precious-metals
GLDG,precious-metals
GOLD,precious-metals
GPL,precious-metals
HL,precious-metals
HMY,precious-metals
IAG,precious-metals
KGC,precious-metals
KL,precious-metals
MAG,precious-metals
MUX,precious-metals
NEM,precious-metals
NG,precious-metals
NGD,precious-metals
OR,precious-metals
PAAS,precious-metals
PVG,precious-metals
RGLD,precious-metals
SAND,precious-metals
SILV,precious-metals
SSRM,precious-metals
SVM,precious-metals
TGB,precious-metals
WPM,precious-metals
AFG,property-casualty-insurance
ALL,property-casualty-insurance
CB,property-casualty-insurance
CINF,property-casualty-insurance
ERIE,property-casualty-insurance
MCY,property-casualty-insurance
NMIH,property-casualty-insurance
ORI,property-casualty-insurance
PGR,property-casualty-insurance
PLMR,property-casualty-insurance
RE,property-casualty-insurance
RLI,property-casualty-insurance
RNR,property-casualty-insurance
SAFT,property-casualty-insurance
SIGI,property-casualty-insurance
STFC,property-casualty-insurance
THG,property-casualty-insurance
UVE,property-casualty-insurance
WRB,property-casualty-insurance
Y  A,property-casualty-insurance
JW.A,publishing-books-magazines
JW.B,publishing-books-magazines
MDP,publishing-books-magazines
PSO,publishing-books-magazines
SCHL,publishing-books-magazines
NWS,publishing-newspapers
NYT,publishing-newspapers
SUZ,pulp-paper
UFS,pulp-paper
CNI,railroads
CP,railroads
CSX,railroads
KSU,railroads
NSC,railroads
UNP,railroads
BPY,real-estate-development
CBRE,real-estate-development
CIGI,real-estate-development
CRES,real-estate-development
CWK,real-estate-development
FSV,real-estate-development
HGV,real-estate-development
HHC,real-estate-development
IRS,real-estate-development
JLL,real-estate-development
KW,real-estate-development
MMI,real-estate-development
NMRK,real-estate-development
RDFN,real-estate-development
RLGY,real-estate-development
RMR,real-estate-development
AGNC,real-estate-investment-trusts
AMT,real-estate-investment-trusts
BPYU,real-estate-investment-trusts
GRP.,real-estate-investment-trusts
ATVI,recreational-products
BC,recreational-products
DOOO,recreational-products
EA,recreational-products
ELY,recreational-products
FNKO,recreational-products
FOXF,recreational-products
GOLF,recreational-products
HAS,recreational-products
MAT,recreational-products
NLS,recreational-products
PII,recreational-products
RGR,recreational-products
THO,recreational-products
TTWO,recreational-products
VSTO,recreational-products
WGO,recreational-products
ABCB,regional-banks
ALLY,regional-banks
ASB,regional-banks
BANF,regional-banks
BANR,regional-banks
BAP,regional-banks
BCH,regional-banks
BHLB,regional-banks
BKU,regional-banks
BMA,regional-banks
BOH,regional-banks
BOKF,regional-banks
BPOP,regional-banks
BSAC,regional-banks
BSBR,regional-banks
BSMX,regional-banks
BUSE,regional-banks
BXS,regional-banks
CATY,regional-banks
CBSH,regional-banks
CBU,regional-banks
CFG,regional-banks
CFR,regional-banks
CIB,regional-banks
COLB,regional-banks
CVBF,regional-banks
EGBN,regional-banks
EWBC,regional-banks
FBP,regional-banks
FCF,regional-banks
FCNC,regional-banks
FFBC,regional-banks
FFIN,regional-banks
FHB,regional-banks
FHN,regional-banks
FIBK,regional-banks
FITB,regional-banks
FMBI,regional-banks
FNB,regional-banks
FRC,regional-banks
FRME,regional-banks
FULT,regional-banks
GBCI,regional-banks
GGAL,regional-banks
GWB,regional-banks
HBAN,regional-banks
HDB,regional-banks
HOMB,regional-banks
HTH,regional-banks
ARCO,restaurants
ARMK,restaurants
BLMN,restaurants
CAKE,restaurants
CBRL,restaurants
CMG,restaurants
DENN,restaurants
DIN,restaurants
DPZ,restaurants
DRI,restaurants
EAT,restaurants
JACK,restaurants
LUB,restaurants
MCD,restaurants
PZZA,restaurants
QSR,restaurants
RRGB,restaurants
RUTH,restaurants
SBUX,restaurants
SHAK,restaurants
TXRH,restaurants
WEN,restaurants
WING,restaurants
YUM,restaurants
YUMC,restaurants
AX,savings-banks
BRKL,savings-banks
CFFN,savings-banks
CLBK,savings-banks
ISBC,savings-banks
KRNY,savings-banks
NWBI,savings-banks
PFS,savings-banks
SBT,savings-banks
TFSL,savings-banks
WAFD,savings-banks
WBS,savings-banks
WSFS,savings-banks
ADI,semiconductors
AMBA,semiconductors
AMD,semiconductors
AMKR,semiconductors
ASX,semiconductors
AVGO,semiconductors
CAN,semiconductors
CCMP,semiconductors
COHR,semiconductors
CRUS,semiconductors
DIOD,semiconductors
ENPH,semiconductors
ENTG,semiconductors
FN,semiconductors
INTC,semiconductors
IPGP,semiconductors
KLIC,semiconductors
LSCC,semiconductors
MCHP,semiconductors
MPWR,semiconductors
MRVL,semiconductors
MTSI,semiconductors
MU,semiconductors
MXIM,semiconductors
MXL,semiconductors
NVDA,semiconductors
NXPI,semiconductors
ON,semiconductors
OSIS,semiconductors
POWI,semiconductors
QRVO,semiconductors
SIMO,semiconductors
SLAB,semiconductors
SMTC,semiconductors
SOL,semiconductors
STM,semiconductors
SWKS,semiconductors
SYNA,semiconductors
TSEM,semiconductors
TSM,semiconductors
TXN,semiconductors
UCTT,semiconductors
UMC,semiconductors
XLNX,semiconductors
DGX,services-to-the-health-industry
IQV,services-to-the-health-industry
LH,services-to-the-health-industry
AGO,specialty-insurance
ATH,specialty-insurance
ESNT,specialty-insurance
FAF,specialty-insurance
FNF,specialty-insurance
MKL,specialty-insurance
MTG,specialty-insurance
PRA,specialty-insurance
RDN,specialty-insurance
TRUP,specialty-insurance
AAN,specialty-stores
AAP,specialty-stores
ABG,specialty-stores
AN,specialty-stores
AZO,specialty-stores
BBBY,specialty-stores
BGFV,specialty-stores
BJ,specialty-stores
CASY,specialty-stores
COST,specialty-stores
CVNA,specialty-stores
CWH,specialty-stores
DKS,specialty-stores
EYE,specialty-stores
HIBB,specialty-stores
HOME,specialty-stores
KIRK,specialty-stores
KMX,specialty-stores
LAD,specialty-stores
LL,specialty-stores
LOVE,specialty-stores
MNRO,specialty-stores
MUSA,specialty-stores
ODP,specialty-stores
ORLY,specialty-stores
PAG,specialty-stores
PRTY,specialty-stores
SBH,specialty-stores
SIG,specialty-stores
SPWH,specialty-stores
TCS,specialty-stores
TGT,specialty-stores
TSCO,specialty-stores
ULTA,specialty-stores
WSM,specialty-stores
CCOI,specialty-telecommunications
GTT,specialty-telecommunications
MARK,specialty-telecommunications
PHI,specialty-telecommunications
TEF,specialty-telecommunications
VG,specialty-telecommunications
ATI,steel
CLF,steel
CMC,steel
CRS,steel
GGB,steel
MT,steel
MTL,steel
MTL/,steel
NUE,steel
PKX,steel
RS,steel
SID,steel
STLD,steel
TS,steel
TX,steel
VALE,steel
WOR,steel
X  U,steel
AAPL,telecommunications-equipment
AUDC,telecommunications-equipment
AVYA,telecommunications-equipment
CALX,telecommunications-equipment
CIEN,telecommunications-equipment
COMM,telecommunications-equipment
DGLY,telecommunications-equipment
ERIC,telecommunications-equipment
GRMN,telecommunications-equipment
IDCC,telecommunications-equipment
INSG,telecommunications-equipment
NOK,telecommunications-equipment
POLY,telecommunications-equipment
QCOM,telecommunications-equipment
SATS,telecommunications-equipment
UI,telecommunications-equipment
UTSI,telecommunications-equipment
VSAT,telecommunications-equipment
WATT,telecommunications-equipment
AIN,textiles
BTI,tobacco
MO,tobacco
PM,tobacco
UVV,tobacco
VGR,tobacco
SNA,tools-hardware
SWK,tools-hardware
HTLD,trucking
JBHT,trucking
KNX,trucking
LSTR,trucking
ODFL,trucking
SAIA,trucking
SNDR,trucking
WERN,trucking
XPO,trucking
YELL,trucking
ACA,trucks-construction-farm-machinery
AGCO,trucks-construction-farm-machinery
ALSN,trucks-construction-farm-machinery
BWA,trucks-construction-farm-machinery
CAT,trucks-construction-farm-machinery
CMI,trucks-construction-farm-machinery
CNHI,trucks-construction-farm-machinery
DE,trucks-construction-farm-machinery
FSS,trucks-construction-farm-machinery
GBX,trucks-construction-farm-machinery
NAV,trucks-construction-farm-machinery
OSK,trucks-construction-farm-machinery
PCAR,trucks-construction-farm-machinery
TEX,trucks-construction-farm-machinery
TRN,trucks-construction-farm-machinery
TTC,trucks-construction-farm-machinery
WAB,trucks-construction-farm-machinery
WPRT,trucks-construction-farm-machinery
AWK,water-utilities
AWR,water-utilities
CWT,water-utilities
SBS,water-utilities
SJW,water-utilities
AIT,wholesale-distributors
BECN,wholesale-distributors
CORE,wholesale-distributors
DNOW,wholesale-distributors
FAST,wholesale-distributors
GPC,wholesale-distributors
GRWG,wholesale-distributors
GWW,wholesale-distributors
IBP,wholesale-distributors
INT,wholesale-distributors
MRC,wholesale-distributors
MSM,wholesale-distributors
NS,wholesale-distributors
POOL,wholesale-distributors
RUSH,wholesale-distributors
SITE,wholesale-distributors
SUN,wholesale-distributors
SXT,wholesale-distributors
UNVR,wholesale-distributors
WCC,wholesale-distributors
AMOV,wireless-telecommunications
AMX,wireless-telecommunications
GOGO,wireless-telecommunications
IRDM,wireless-telecommunications
MBT,wireless-telecommunications
RCI,wireless-telecommunications
SKM,wireless-telecommunications
TDS,wireless-telecommunications
TIGO,wireless-telecommunications
TKC,wireless-telecommunications
TMUS,wireless-telecommunications
USM,wireless-telecommunications
VEON,wireless-telecommunications
VOD,wireless-telecommunications
